{
  "air-jordan-3-valor-blue": {
    "name": "Valour Blue",
    "img": [
      "https://secure-images.nike.com/is/image/DotCom/CT8532_104_A_PREM?$SNKRS_COVER_WD$&align=0,1",
      "https://c.static-nike.com/a/images/t_prod_ss/w_480,c_limit,q_auto,f_auto/041dc65b-be1d-4efd-8000-088b47521e61/air-jordan-3-valor-blue-release-date.jpg",
      "https://c.static-nike.com/a/images/t_prod_ss/w_480,c_limit,q_auto,f_auto/98f2f5db-76d5-45bf-b210-a42c9dc91efe/air-jordan-3-valor-blue-release-date.jpg",
      "https://c.static-nike.com/a/images/w_480,c_limit,q_auto,f_auto/w_640,c_limit,f_auto/54c73dca-32b0-4d7b-b3a5-9abf5942208d/air-jordan-3-valor-blue-release-date.jpg"
    ],
    "desc": "Lorem ipsum dolor, sit amet consectetur adipisicing elit. Repudiandae maiores quasi recusandae error assumenda, dolore incidunt libero quod consequatur rerum, facilis consectetur accusantium placeat impedit, eveniet nam aperiam! Aliquam, quidem.",
    "price": 164,
    "id": "air-jordan-3-valor-blue"
  },
  "jordan-mars-270-london": {
    "name": "Jordan Mars 270 London",
    "img": [
      "https://secure-images.nike.com/is/image/DotCom/CV3042_001_A_PREM?$SNKRS_COVER_WD$&align=0,1",
      "https://c.static-nike.com/a/images/t_prod_ss/w_480,c_limit,q_auto,f_auto/08c07a79-16d8-46f3-813f-5b306efeb105/jordan-mars-270-london-release-date.jpg",
      "https://c.static-nike.com/a/images/t_prod_ss/w_480,c_limit,q_auto,f_auto/d0a1b83c-716a-4ebb-859c-2ef11c8a1aa7/jordan-mars-270-london-release-date.jpg",
      "https://c.static-nike.com/a/images/w_480,c_limit,q_auto,f_auto/w_640,c_limit,f_auto/0cb54d31-0135-4e44-9748-1276d83ede40/jordan-mars-270-london-release-date.jpg"
    ],
    "desc": "Lorem ipsum dolor, sit amet consectetur adipisicing elit. Repudiandae maiores quasi recusandae error assumenda, dolore incidunt libero quod consequatur rerum, facilis consectetur accusantium placeat impedit, eveniet nam aperiam! Aliquam, quidem.",
    "price": 160,
    "id": "jordan-mars-270-london"
  },
  "air-jordan-11-low-ie-black-cement": {
    "name": "Air Jordan 11 Low",
    "img": [
      "https://static.nike.com/a/images/t_prod_ss/w_640,c_limit,f_auto/9eb2cd70-f0d4-4ea6-94b2-ae7f2bb9580a/air-jordan-11-low-ie-black-cement-release-date.jpg",
      "https://cdn.flightclub.com/1500/TEMPLATE/803111/2.jpg",
      "https://cdn.flightclub.com/1500/TEMPLATE/803111/3.jpg",
      "https://cdn.flightclub.com/1500/TEMPLATE/803111/4.jpg"
    ],
    "desc": "Lorem ipsum dolor, sit amet consectetur adipisicing elit. Repudiandae maiores quasi recusandae error assumenda, dolore incidunt libero quod consequatur rerum, facilis consectetur accusantium placeat impedit, eveniet nam aperiam! Aliquam, quidem.",
    "price": 170,
    "id": "air-jordan-11-low-ie-black-cement"
  },
  "ispa-overreact-flyknit-light-bone": {
    "name": "Light Bone",
    "img": [
      "https://static.nike.com/a/images/t_prod_ss/w_640,c_limit,f_auto/8bd6fc84-764d-4d82-aac6-acce1d11766e/ispa-overreact-flyknit-light-bone-release-date.jpg",
      "https://static.nike.com/a/images/t_prod_ss/w_640,c_limit,f_auto/d11f0bf6-4d2e-4b5a-be53-c70fe957ca72/air-force-1-react-light-bone-release-date.jpg",
      "https://static.nike.com/a/images/t_prod_ss/w_640,c_limit,f_auto/0d758985-fc52-41de-a7d5-7bfabcad996b/air-force-1-react-light-bone-release-date.jpg",
      "https://static.nike.com/a/images/t_prod_sc/w_640,c_limit,f_auto/d500a802-a0d3-49c2-83ef-5206a0af68fd/air-force-1-react-light-bone-release-date.jpg"
    ],
    "desc": "Lorem ipsum dolor, sit amet consectetur adipisicing elit. Repudiandae maiores quasi recusandae error assumenda, dolore incidunt libero quod consequatur rerum, facilis consectetur accusantium placeat impedit, eveniet nam aperiam! Aliquam, quidem.",
    "price": 132,
    "id": "ispa-overreact-flyknit-light-bone"
  },
  "ispa-overreact-flyknit-crimson-volt": {
    "name": "Crimson Volt",
    "img": [
      "https://static.nike.com/a/images/t_prod_ss/w_640,c_limit,f_auto/1d40aec6-49ea-458a-8007-0799c99e5484/ispa-overreact-flyknit-crimson-volt-release-date.jpg",
      "https://static.nike.com/a/images/t_prod_ss/w_640,c_limit,f_auto/25b21f6f-bce9-4e8d-be35-861e925c842c/ispa-overreact-flyknit-crimson-volt-release-date.jpg",
      "https://static.nike.com/a/images/t_prod_ss/w_640,c_limit,f_auto/eda7e6a6-45e6-439a-bcc6-2daa6de5586a/ispa-overreact-flyknit-crimson-volt-release-date.jpg",
      "https://static.nike.com/a/images/t_prod_sc/w_640,c_limit,f_auto/5d850d82-f9d6-4eb4-85ec-59e25a923c08/ispa-overreact-flyknit-crimson-volt-release-date.jpg"
    ],
    "desc": "Lorem ipsum dolor, sit amet consectetur adipisicing elit. Repudiandae maiores quasi recusandae error assumenda, dolore incidunt libero quod consequatur rerum, facilis consectetur accusantium placeat impedit, eveniet nam aperiam! Aliquam, quidem.",
    "price": 212,
    "id": "ispa-overreact-flyknit-crimson-volt"
  },
  "air-jordan-1-smoke-grey": {
    "name": "Smoke Grey",
    "img": [
      "https://static.nike.com/a/images/t_prod_ss/w_640,c_limit,f_auto/8ff1b4d8-3458-49f3-9d7d-0647261aafe4/air-jordan-1-smoke-grey-release-date.jpg",
      "https://static.nike.com/a/images/t_prod_ss/w_640,c_limit,f_auto/f092f222-d60f-4949-b95f-45ebbb34fc64/air-jordan-1-smoke-grey-release-date.jpg",
      "https://static.nike.com/a/images/t_prod_ss/w_640,c_limit,f_auto/ba045422-cb1e-4fb2-a3ed-2fd0c207009b/air-jordan-1-smoke-grey-release-date.jpg",
      "https://static.nike.com/a/images/t_prod_sc/w_640,c_limit,f_auto/32a95247-7af7-40e8-ac21-646909199712/air-jordan-1-smoke-grey-release-date.jpg"
    ],
    "desc": "Lorem ipsum dolor, sit amet consectetur adipisicing elit. Repudiandae maiores quasi recusandae error assumenda, dolore incidunt libero quod consequatur rerum, facilis consectetur accusantium placeat impedit, eveniet nam aperiam! Aliquam, quidem.",
    "price": 186,
    "id": "air-jordan-1-smoke-grey"
  },
  "air-jordan-5-purple-grape": {
    "name": "Purple Grape",
    "img": [
      "https://static.nike.com/a/images/t_prod_ss/w_640,c_limit,f_auto/c59c1a8b-c3a4-495e-aada-a871c8cce359/air-jordan-5-purple-grape-release-date.jpg",
      "https://static.nike.com/a/images/t_prod_ss/w_640,c_limit,f_auto/ef247474-619e-4821-99e7-35e2e02e76d2/air-jordan-5-purple-grape-release-date.jpg",
      "https://static.nike.com/a/images/t_prod_sc/w_640,c_limit,f_auto/7f25b354-de4f-453f-aea3-ef6ec4e82762/air-jordan-5-purple-grape-release-date.jpg",
      "https://static.nike.com/a/images/t_prod_ss/w_640,c_limit,f_auto/15def748-3a93-4dc3-a0f3-d7cbaffb8edb/air-jordan-5-purple-grape-release-date.jpg"
    ],
    "desc": "Lorem ipsum dolor, sit amet consectetur adipisicing elit. Repudiandae maiores quasi recusandae error assumenda, dolore incidunt libero quod consequatur rerum, facilis consectetur accusantium placeat impedit, eveniet nam aperiam! Aliquam, quidem.",
    "price": 212,
    "id": "air-jordan-5-purple-grape"
  },
  "blazer-mid-77-vintage-shoe": {
    "name": "Nike Blazer Mid '77 Vintage",
    "img": [
      "https://static.nike.com/a/images/t_PDP_864_v1/f_auto,b_rgb:f5f5f5/kxmb3lab5dmy00qpoyul/blazer-mid-77-vintage-shoe-dNWPTj.jpg",
      "https://static.nike.com/a/images/t_PDP_864_v1/f_auto,b_rgb:f5f5f5/u9ky0ah8uucbw4ctjubm/blazer-mid-77-vintage-shoe-dNWPTj.jpg",
      "https://static.nike.com/a/images/t_PDP_864_v1/f_auto,b_rgb:f5f5f5/8bc7d689-de2c-4b49-986c-b42153895bc0/blazer-mid-77-vintage-shoe-dNWPTj.jpg",
      "https://static.nike.com/a/images/t_PDP_864_v1/f_auto,b_rgb:f5f5f5/ef4dbed6-c621-4879-8db3-f87296bfb570/blazer-mid-77-vintage-shoe-dNWPTj.jpg"
    ],
    "desc": "Lorem ipsum dolor, sit amet consectetur adipisicing elit. Repudiandae maiores quasi recusandae error assumenda, dolore incidunt libero quod consequatur rerum, facilis consectetur accusantium placeat impedit, eveniet nam aperiam! Aliquam, quidem.",
    "price": 106,
    "id": "blazer-mid-77-vintage-shoe"
  },
  "air-force-1-shadow-shoe-mN8Glx": {
    "name": "Nike Air Force 1 Shadow",
    "img": [
      "https://static.nike.com/a/images/t_PDP_864_v1/f_auto,b_rgb:f5f5f5/5b7f6c36-498f-49ca-80f0-f9cc062b8ed4/air-force-1-shadow-shoe-mN8Glx.jpg",
      "https://static.nike.com/a/images/t_PDP_864_v1/f_auto,b_rgb:f5f5f5/e2ce73b5-bedb-470d-a3d8-2f447069b9c6/air-force-1-shadow-shoe-mN8Glx.jpg",
      "https://static.nike.com/a/images/t_PDP_864_v1/f_auto,b_rgb:f5f5f5/1b22c037-935c-4ea9-9de7-f7815c037ad9/air-force-1-shadow-shoe-mN8Glx.jpg",
      "https://static.nike.com/a/images/t_PDP_864_v1/f_auto,b_rgb:f5f5f5/75a7e49e-6c0e-483f-aef2-efe079061483/air-force-1-shadow-shoe-mN8Glx.jpg"
    ],
    "desc": "TLorem ipsum dolor, sit amet consectetur adipisicing elit. Repudiandae maiores quasi recusandae error assumenda, dolore incidunt libero quod consequatur rerum, facilis consectetur accusantium placeat impedit, eveniet nam aperiam! Aliquam, quidem.",
    "price": 119,
    "id": "air-force-1-shadow-shoe-mN8Glx"
  },
  "air-zoom-type-mens-shoe": {
    "name": "Nike Air Zoom-Type",
    "img": [
      "https://static.nike.com/a/images/t_PDP_864_v1/f_auto,b_rgb:f5f5f5/5c1e3a90-b2b7-479c-b567-3b50903cf9da/air-zoom-type-mens-shoe-PZR40V.jpg",
      "https://static.nike.com/a/images/t_PDP_864_v1/f_auto,b_rgb:f5f5f5/d7ef3a93-8863-4d9b-9ee1-ba312bc97c18/air-zoom-type-shoe-WDCm0t.jpg",
      "https://static.nike.com/a/images/t_PDP_864_v1/f_auto,b_rgb:f5f5f5/4d00dbc1-fcd6-49c7-ad01-19133ea3aea8/air-zoom-type-shoe-WDCm0t.jpg",
      "https://static.nike.com/a/images/t_PDP_864_v1/f_auto,b_rgb:f5f5f5/10ff4e92-ca15-463c-af7c-f7a23403c8b1/air-zoom-type-shoe-WDCm0t.jpg"
    ],
    "desc": "Lorem ipsum dolor, sit amet consectetur adipisicing elit. Repudiandae maiores quasi recusandae error assumenda, dolore incidunt libero quod consequatur rerum, facilis consectetur accusantium placeat impedit, eveniet nam aperiam! Aliquam, quidem.",
    "price": 172,
    "id": "air-zoom-type-mens-shoe"
  },
  "air-zoom-pegasus-37-running-shoe": {
    "name": "Nike Air Zoom Pegasus 37",
    "img": [
      "https://static.nike.com/a/images/t_PDP_864_v1/f_auto,b_rgb:f5f5f5/33201b0e-8971-45eb-b91b-edac41535f5a/air-zoom-pegasus-37-running-shoe-mwrTCc.jpg",
      "https://static.nike.com/a/images/t_PDP_864_v1/f_auto,b_rgb:f5f5f5/83780560-dba0-461b-adbf-c12e442da82e/air-zoom-pegasus-37-running-shoe-mwrTCc.jpg",
      "https://static.nike.com/a/images/t_PDP_864_v1/f_auto,b_rgb:f5f5f5/03174a56-142c-4fb5-a15b-4dd354ffd8fc/air-zoom-pegasus-37-running-shoe-mwrTCc.jpg",
      "https://static.nike.com/a/images/t_PDP_864_v1/f_auto,b_rgb:f5f5f5/883f2317-7282-4a1d-bcc0-a444d881b4c4/air-zoom-pegasus-37-running-shoe-mwrTCc.jpg"
    ],
    "desc": "Lorem ipsum dolor, sit amet consectetur adipisicing elit. Repudiandae maiores quasi recusandae error assumenda, dolore incidunt libero quod consequatur rerum, facilis consectetur accusantium placeat impedit, eveniet nam aperiam! Aliquam, quidem.",
    "price": 132,
    "id": "air-zoom-pegasus-37-running-shoe"
  },
  "air-monarch-iv-lifestyle-gym-shoe": {
    "name": "Nike Air Monarch IV",
    "img": [
      "https://c.static-nike.com/a/images/t_PDP_864_v1/f_auto,b_rgb:f5f5f5/uirypqqxq83mwcjbf9ej/air-monarch-iv-lifestyle-gym-shoe-cc3XbD.jpg",
      "https://c.static-nike.com/a/images/t_PDP_864_v1/f_auto,b_rgb:f5f5f5/kvhylxrv7jofadxpc6io/air-monarch-iv-lifestyle-gym-shoe-cc3XbD.jpg",
      "https://c.static-nike.com/a/images/t_PDP_864_v1/f_auto,b_rgb:f5f5f5/lzof0errxa0jqfb4i10t/air-monarch-iv-lifestyle-gym-shoe-cc3XbD.jpg",
      "https://c.static-nike.com/a/images/t_PDP_864_v1/f_auto,b_rgb:f5f5f5/zzqllgyetcgagf1d5gei/air-monarch-iv-lifestyle-gym-shoe-cc3XbD.jpg"
    ],
    "desc": "Lorem ipsum dolor, sit amet consectetur adipisicing elit. Repudiandae maiores quasi recusandae error assumenda, dolore incidunt libero quod consequatur rerum, facilis consectetur accusantium placeat impedit, eveniet nam aperiam! Aliquam, quidem.",
    "price": 70,
    "id": "air-monarch-iv-lifestyle-gym-shoe"
  }
}
